Value of payload(in bytes),Cumulative RTT(in milliseconds)
100,1.121154
200,1.142887
300,1.183322
400,1.151289
500,1.121034
600,1.155674
700,1.186408
800,1.180732
900,1.311252
1000,1.40233
