Value of payload(in bytes),Cumulative RTT(in milliseconds)
100,5.024996
200,5.085382
300,4.708929
400,4.632608
500,5.393296
600,5.332691
700,4.601665
800,4.719994
900,4.780226
1000,4.660773
