Value of payload(in bytes),Cumulative RTT(in milliseconds)
100,2.757279
200,2.475688
300,2.982736
400,3.109717
500,3.071846
600,3.023083
700,2.560238
800,2.490995
900,2.559133
1000,2.471785
