Value of payload(in bytes),Cumulative RTT(in milliseconds)
100,9.812277
200,9.542653
300,10.212034
400,9.812516
500,8.998852
600,9.61176
700,9.393049
800,9.942468
900,10.213283
1000,9.999437
